id;title;description;photo;video
1;Object-based Chicken Total;synergies Cotton silver;Account aggregate backing;Ethiopia Washington Awesome
2;Viaduct;instruction Lakes Ridges;RSS redefine Sausages;back-end
3;Enterprise-wide RAM;Berkshire yellow array;state;24/365 wireless neural
4;Andorra;Lari Venezuela Track;Bedfordshire Parks United;infrastructure payment
5;Loan Specialist Sausages;Track synergies Sharable;Solutions neural;Loan
6;cross-platform;Cambridgeshire Phased SMS;Lari;copy Dollar
7;Portugal artificial indigo;Buckinghamshire Future Plastic;Cambridgeshire;invoice RSS
8;systems;protocol Brand;Springs Account Berkshire;Kroon Cheese help-desk
9;Clothing;wireless deposit AGP;Chips South Intelligent;Portugal
10;Officer Car Human;SQL;Fish Industrial Berkshire;National reinvent
